1,Giancarlo,Gallo,Borgo Rosaria salentino,g.gallo@riva.it,251.911.6623
2,Sabino,Mazza,Cattaneo umbro,s.mazza@carbon.net,182-844-9935
3,Iacopo,Costa,Quarto Cirino nell'emilia,i.costa@barbieri.com,(260) 366-4275
4,Umberto,Farin,Quarto Edipo a mare,u.farin@martinelli.com,106.195.9716
5,Albino,Messina,D'amico nell'emilia,a.messina@marini.com,(201) 518-7566
6,Marcella,Lombardo,Galli umbro,m.lombardo@carbon.net,897-142-4928
7,Tristano,Romano,Sesto Antonio,t.romano@monti.it,571.345.0147
8,Ninfa,Santoro,Maria laziale,n.santoro@bruno.com,838.953.0116
9,Quarto,Mazza,Marino calabro,q.mazza@mancini.com,1-893-358-7667
10,Ione,Conte,Sala lido,i.conte@cont.it,925.950.0026
11,Guido,Esposito,Emilia ligure,g.esposito@lombardi.com,130-647-0623
12,Audenico,Ferrara,San Benedetta sardo,a.ferrara@rinaldi.it,(737) 469-5006
13,Lorenzo,Vitali,Quarto Leone a mare,l.vitali@damico.it,1-461-678-2717
14,Giancarlo,Greco,Sabatino lido,g.greco@negri.org,(285) 475-6643
15,Damiano,Ricci,Sesto Lazzaro umbro,d.ricci@amato.com,1-657-323-1714
16,Radio,Giordano,Marini veneto,r.giordano@donati.it,311-431-1811
17,Lino,Caputo,Marini del friuli,l.caputo@de santis.it,1-029-220-2744
18,Raniero,Giordano,Settimo Germano terme,r.giordano@testa.com,1-449-659-9545
19,Nico,Ricci,Leone laziale,n.ricci@messina.it,759-400-0858
20,Guendalina,Ricci,Sesto Miriana nell'emilia,g.ricci@caputo.com,(150) 356-9376
21,Luna,Gallo,Borgo Lucrezia,l.gallo@riva.com,091.119.6704
22,Nico,Costa,Rosita sardo,n.costa@greco.it,(536) 223-9658
23,Vinicio,Donati,Silvestri lido,v.donati@dangelo.net,244.516.5610
24,Isabel,Barone,Mariapia laziale,i.barone@messina.it,(404) 658-2196
25,Marieva,Amato,San Celeste laziale,m.amato@mazza.it,1-445-796-5741
26,Clodovea,Ross,Concetta terme,c.ross@de angelis.it,1-729-718-3634
27,Caio,Barbieri,Quasimodo lido,c.barbieri@de rosa.net,292.226.3501
28,Noemi,Esposito,Artemide a mare,n.esposito@grasso.net,747-654-7799
29,Nico,Rizzi,Genziana salentino,n.rizzi@morelli.net,1-517-190-0593
30,Elda,Ferraro,Settimo Cosetta,e.ferraro@ferrari.com,(710) 177-6401
31,Gaetano,Rizzo,San Siro,g.rizzo@grassi.org,255.347.5148
32,Demi,Milani,Sesto Amedeo,d.milani@marian.com,1-489-185-5753
33,Eustachio,Neri,Settimo Cecco,e.neri@caruso.it,(202) 143-6951
34,Fatima,Ross,Borgo Naomi a mare,f.ross@ferretti.org,(840) 577-6183
35,Raoul,Bellini,Quarto Alighiero,r.bellini@caruso.it,1-319-314-8626
36,Ivano,De Angelis,Romano salentino,i.de angelis@caputo.it,327-606-8414
37,Mauro,Marian,Marini sardo,m.marian@morelli.it,714-266-4003
38,Egidio,Ferraro,Pacifico terme,e.ferraro@caruso.com,1-308-935-7576
39,Teseo,Bianchi,Raoul nell'emilia,t.bianchi@farin.com,(064) 192-8971
40,Vera,Russo,Gallo salentino,v.russo@cont.net,1-503-956-3296
41,Umberto,Fontana,Ricci lido,u.fontana@battaglia.it,1-388-095-5866
42,Diamante,Santoro,San Cristyn umbro,d.santoro@lombardi.com,(115) 368-9992
43,Tolomeo,Farin,San Flavio sardo,t.farin@de angelis.com,1-144-394-5263
44,Giulio,Parisi,San Elsa del friuli,g.parisi@martinelli.org,(469) 695-3409
45,Olimpia,Barbieri,Muzio calabro,o.barbieri@marchetti.it,292.677.4926
46,Adriano,Giuliani,Giuliani laziale,a.giuliani@de rosa.net,(763) 439-8133
47,Brigitta,Ruggiero,Sesto Felicia,b.ruggiero@marchetti.com,1-507-463-6426
48,Sabatino,Caputo,Clodovea salentino,s.caputo@fabbri.net,572.062.8122
49,Avide,Rinaldi,Milani laziale,a.rinaldi@gentile.org,839-917-2548
50,Italo,Coppola,Leonardo laziale,i.coppola@ferrara.org,411-532-2724
